Task name,Status,Description
Нормальный режим,Not started,"S predicted = 6.7 мг/кг

Риск низкий.
Менять режим не требуется."
Риск превышения серы,Not started,"S predicted = 12.1 мг/кг

Рассмотрено 12 вариантов.
7 нарушают ограничения.
5 допустимы.

Рекомендовано:
T = 342 → 345 °C
Feed = 102 → 99 м³/ч

Expected S = 8.8 мг/кг"
Недопустимое «выгодное» решение,Not started,"Scenario A:
выпуск +4%
S = 13.2

→ REJECTED"
Плохие данные,Not started,"ЛИМС устарел
ПАК отсутствует
аномалия в критическом теге

→ рекомендация не сформирована"