Task name,Assignee,Description,Due date,Status
Нормальный режим,,"S predicted = 6.7 мг/кг

Риск низкий.
Менять режим не требуется.",02/03/2025,Not started
Риск превышения серы,,"S predicted = 12.1 мг/кг

Рассмотрено 12 вариантов.
7 нарушают ограничения.
5 допустимы.

Рекомендовано:
T = 342 → 345 °C
Feed = 102 → 99 м³/ч

Expected S = 8.8 мг/кг",02/20/2025,Not started
Недопустимое «выгодное» решение,,"Scenario A:
выпуск +4%
S = 13.2

→ REJECTED",02/28/2025,Not started
Плохие данные,,"ЛИМС устарел
ПАК отсутствует
аномалия в критическом теге

→ рекомендация не сформирована",,Not started